dt,MW
01-01-2011 00:00,3416
01-01-2011 00:15,4755
01-01-2011 00:30,4939
01-01-2011 00:45,4939
01-01-2011 01:00,4998
01-01-2011 01:15,5184
01-01-2011 01:30,5341
01-01-2011 01:45,5438
01-01-2011 02:00,5509
01-01-2011 02:15,5638
01-01-2011 02:30,5582
01-01-2011 02:45,5792
01-01-2011 03:00,5962
01-01-2011 03:15,6009
01-01-2011 03:30,6025
01-01-2011 03:45,6075
01-01-2011 04:00,6231
01-01-2011 04:15,6399
01-01-2011 04:30,6346
01-01-2011 04:45,6452
01-01-2011 05:00,6449
01-01-2011 05:15,6478
01-01-2011 05:30,6438
01-01-2011 05:45,6456
01-01-2011 06:00,6481
01-01-2011 06:15,6447
01-01-2011 06:30,6276
01-01-2011 06:45,6362
01-01-2011 07:00,6447
01-01-2011 07:15,6517
01-01-2011 07:30,6483
01-01-2011 07:45,6615
01-01-2011 08:00,6694
01-01-2011 08:15,6719
01-01-2011 08:30,6790
01-01-2011 08:45,6739
01-01-2011 09:00,6659
01-01-2011 09:15,6739
01-01-2011 09:30,6774
01-01-2011 09:45,6743
01-01-2011 10:00,6805
01-01-2011 10:15,6782
01-01-2011 10:30,6640
01-01-2011 10:45,6649
01-01-2011 11:00,6697
01-01-2011 11:15,6600
01-01-2011 11:30,6584
01-01-2011 11:45,6351
01-01-2011 12:00,6288
01-01-2011 12:15,6204
01-01-2011 12:30,6243
01-01-2011 12:45,6199
01-01-2011 13:00,6226
01-01-2011 13:15,6189
01-01-2011 13:30,6215
01-01-2011 13:45,6219
01-01-2011 14:00,6023
01-01-2011 14:15,5966
01-01-2011 14:30,5738
01-01-2011 14:45,5469
01-01-2011 15:00,5406
01-01-2011 15:15,5343
01-01-2011 15:30,5178
01-01-2011 15:45,5009
01-01-2011 16:00,4936
01-01-2011 16:15,4825
01-01-2011 16:30,4706
01-01-2011 16:45,4586
01-01-2011 17:00,4485
01-01-2011 17:15,4424
01-01-2011 17:30,4259
01-01-2011 17:45,4199
01-01-2011 18:00,4156
01-01-2011 18:15,4230
01-01-2011 18:30,4201
01-01-2011 18:45,4188
01-01-2011 19:00,4110
01-01-2011 19:15,3940
01-01-2011 19:30,3956
01-01-2011 19:45,4023
01-01-2011 20:00,3917
01-01-2011 20:15,3817
01-01-2011 20:30,3977
01-01-2011 20:45,3933
01-01-2011 21:00,3890
01-01-2011 21:15,3951
01-01-2011 21:30,3816
01-01-2011 21:45,3796
01-01-2011 22:00,3623
01-01-2011 22:15,3486
01-01-2011 22:30,3598
01-01-2011 22:45,3614
01-01-2011 23:00,3639
01-01-2011 23:15,3484
01-01-2011 23:30,3576
01-01-2011 23:45,3529
02-01-2011 00:00,2394
02-01-2011 00:15,66
02-01-2011 00:30,70
02-01-2011 00:45,79
02-01-2011 01:00,79
02-01-2011 01:15,85
02-01-2011 01:30,102
02-01-2011 01:45,127
02-01-2011 02:00,131
02-01-2011 02:15,141
02-01-2011 02:30,141
02-01-2011 02:45,140
02-01-2011 03:00,148
02-01-2011 03:15,146
02-01-2011 03:30,135
02-01-2011 03:45,148
02-01-2011 04:00,155
02-01-2011 04:15,160
02-01-2011 04:30,170
02-01-2011 04:45,184
02-01-2011 05:00,189
02-01-2011 05:15,187
02-01-2011 05:30,233
02-01-2011 05:45,269
02-01-2011 06:00,270
02-01-2011 06:15,282
02-01-2011 06:30,262
02-01-2011 06:45,256
02-01-2011 07:00,247
02-01-2011 07:15,242
02-01-2011 07:30,234
02-01-2011 07:45,220
02-01-2011 08:00,215
02-01-2011 08:15,240
02-01-2011 08:30,266
02-01-2011 08:45,304
02-01-2011 09:00,337
02-01-2011 09:15,376
02-01-2011 09:30,382
02-01-2011 09:45,379
02-01-2011 10:00,366
02-01-2011 10:15,378
02-01-2011 10:30,426
02-01-2011 10:45,456
02-01-2011 11:00,445
02-01-2011 11:15,483
02-01-2011 11:30,545
02-01-2011 11:45,533
02-01-2011 12:00,536
02-01-2011 12:15,602
02-01-2011 12:30,612
02-01-2011 12:45,665
02-01-2011 13:00,661
02-01-2011 13:15,668
02-01-2011 13:30,641
02-01-2011 13:45,684
02-01-2011 14:00,722
02-01-2011 14:15,764
02-01-2011 14:30,819
02-01-2011 14:45,808
02-01-2011 15:00,778
02-01-2011 15:15,783
02-01-2011 15:30,863
02-01-2011 15:45,911
02-01-2011 16:00,970
02-01-2011 16:15,917
02-01-2011 16:30,910
02-01-2011 16:45,960
02-01-2011 17:00,931
02-01-2011 17:15,1002
02-01-2011 17:30,1076
02-01-2011 17:45,1127
02-01-2011 18:00,1262
02-01-2011 18:15,1304
02-01-2011 18:30,1374
02-01-2011 18:45,1532
02-01-2011 19:00,1539
02-01-2011 19:15,1632
02-01-2011 19:30,1778
02-01-2011 19:45,1776
02-01-2011 20:00,1821
02-01-2011 20:15,1888
02-01-2011 20:30,2076
02-01-2011 20:45,2140
02-01-2011 21:00,2181
02-01-2011 21:15,2280
02-01-2011 21:30,2428
02-01-2011 21:45,2516
02-01-2011 22:00,2564
02-01-2011 22:15,2687
02-01-2011 22:30,2700
02-01-2011 22:45,2632
02-01-2011 23:00,2567
02-01-2011 23:15,2426
02-01-2011 23:30,2368
02-01-2011 23:45,2373
03-01-2011 00:00,1114
03-01-2011 00:15,523
03-01-2011 00:30,546
03-01-2011 00:45,522
03-01-2011 01:00,515
03-01-2011 01:15,471
03-01-2011 01:30,477
03-01-2011 01:45,477
03-01-2011 02:00,469
03-01-2011 02:15,449
03-01-2011 02:30,436
03-01-2011 02:45,424
03-01-2011 03:00,404
03-01-2011 03:15,376
03-01-2011 03:30,359
03-01-2011 03:45,351
03-01-2011 04:00,372
03-01-2011 04:15,379
03-01-2011 04:30,395
03-01-2011 04:45,375
03-01-2011 05:00,353
03-01-2011 05:15,370
03-01-2011 05:30,397
03-01-2011 05:45,410
03-01-2011 06:00,432
03-01-2011 06:15,453
03-01-2011 06:30,487
03-01-2011 06:45,468
03-01-2011 07:00,455
03-01-2011 07:15,478
03-01-2011 07:30,469
03-01-2011 07:45,465
03-01-2011 08:00,443
03-01-2011 08:15,404
03-01-2011 08:30,364
03-01-2011 08:45,339
03-01-2011 09:00,294
03-01-2011 09:15,257
03-01-2011 09:30,191
03-01-2011 09:45,152
03-01-2011 10:00,152
03-01-2011 10:15,149
03-01-2011 10:30,173
03-01-2011 10:45,191
03-01-2011 11:00,229
03-01-2011 11:15,247
03-01-2011 11:30,267
03-01-2011 11:45,285
03-01-2011 12:00,260
03-01-2011 12:15,230
03-01-2011 12:30,237
03-01-2011 12:45,207
03-01-2011 13:00,179
03-01-2011 13:15,176
03-01-2011 13:30,161
03-01-2011 13:45,203
03-01-2011 14:00,204
03-01-2011 14:15,218
03-01-2011 14:30,231
03-01-2011 14:45,287
03-01-2011 15:00,363
03-01-2011 15:15,398
03-01-2011 15:30,497
03-01-2011 15:45,588
03-01-2011 16:00,664
03-01-2011 16:15,723
03-01-2011 16:30,775
03-01-2011 16:45,841
03-01-2011 17:00,949
03-01-2011 17:15,996
03-01-2011 17:30,1071
03-01-2011 17:45,1168
03-01-2011 18:00,1201
03-01-2011 18:15,1405
03-01-2011 18:30,1610
03-01-2011 18:45,1728
03-01-2011 19:00,1897
03-01-2011 19:15,1955
03-01-2011 19:30,2148
03-01-2011 19:45,2259
03-01-2011 20:00,2306
03-01-2011 20:15,2292
03-01-2011 20:30,2257
03-01-2011 20:45,2233
03-01-2011 21:00,2204
03-01-2011 21:15,2057
03-01-2011 21:30,1976
03-01-2011 21:45,1833
03-01-2011 22:00,1764
03-01-2011 22:15,1684
03-01-2011 22:30,1600
03-01-2011 22:45,1430
03-01-2011 23:00,1335
03-01-2011 23:15,1225
03-01-2011 23:30,1133
03-01-2011 23:45,1129
04-01-2011 00:00,829
04-01-2011 00:15,5060
04-01-2011 00:30,5142
04-01-2011 00:45,4996
04-01-2011 01:00,4871
04-01-2011 01:15,4741
04-01-2011 01:30,4810
04-01-2011 01:45,4798
04-01-2011 02:00,4885
04-01-2011 02:15,4712
04-01-2011 02:30,4794
04-01-2011 02:45,4875
04-01-2011 03:00,4954
04-01-2011 03:15,4938
04-01-2011 03:30,4956
04-01-2011 03:45,4913
04-01-2011 04:00,4863
04-01-2011 04:15,4927
04-01-2011 04:30,5043
04-01-2011 04:45,5073
04-01-2011 05:00,5006
04-01-2011 05:15,4965
04-01-2011 05:30,5018
04-01-2011 05:45,5164
04-01-2011 06:00,4999
04-01-2011 06:15,4991
04-01-2011 06:30,5006
04-01-2011 06:45,5015
04-01-2011 07:00,5117
04-01-2011 07:15,5174
04-01-2011 07:30,5080
04-01-2011 07:45,4813
04-01-2011 08:00,4700
04-01-2011 08:15,4562
04-01-2011 08:30,4490
04-01-2011 08:45,4567
04-01-2011 09:00,4461
04-01-2011 09:15,4646
04-01-2011 09:30,4849
04-01-2011 09:45,4928
04-01-2011 10:00,5109
04-01-2011 10:15,5666
04-01-2011 10:30,5793
04-01-2011 10:45,5682
04-01-2011 11:00,5902
04-01-2011 11:15,6027
04-01-2011 11:30,5946
04-01-2011 11:45,5705
04-01-2011 12:00,5629
04-01-2011 12:15,5620
04-01-2011 12:30,5682
04-01-2011 12:45,5809
04-01-2011 13:00,5636
04-01-2011 13:15,5365
04-01-2011 13:30,5203
04-01-2011 13:45,5252
04-01-2011 14:00,5239
04-01-2011 14:15,5191
04-01-2011 14:30,4909
04-01-2011 14:45,4808
04-01-2011 15:00,4613
04-01-2011 15:15,4508
04-01-2011 15:30,4424
04-01-2011 15:45,4280
04-01-2011 16:00,4100
04-01-2011 16:15,4057
04-01-2011 16:30,3899
04-01-2011 16:45,3626
04-01-2011 17:00,3307
04-01-2011 17:15,2986
04-01-2011 17:30,2723
04-01-2011 17:45,2492
04-01-2011 18:00,2210
04-01-2011 18:15,1954
04-01-2011 18:30,1784
04-01-2011 18:45,1419
04-01-2011 19:00,1544
04-01-2011 19:15,1273
04-01-2011 19:30,1092
04-01-2011 19:45,1074
04-01-2011 20:00,1050
04-01-2011 20:15,984
04-01-2011 20:30,972
04-01-2011 20:45,950
04-01-2011 21:00,1127
04-01-2011 21:15,1098
04-01-2011 21:30,1137
04-01-2011 21:45,1160
04-01-2011 22:00,1172
04-01-2011 22:15,1196
04-01-2011 22:30,1233
04-01-2011 22:45,1248
04-01-2011 23:00,1068
04-01-2011 23:15,1048
04-01-2011 23:30,975
04-01-2011 23:45,919
05-01-2011 00:00,2311
05-01-2011 00:15,3322
05-01-2011 00:30,3256
05-01-2011 00:45,3143
05-01-2011 01:00,3104
05-01-2011 01:15,3037
05-01-2011 01:30,2832
05-01-2011 01:45,2784
05-01-2011 02:00,2746
05-01-2011 02:15,2692
05-01-2011 02:30,2602
05-01-2011 02:45,2548
05-01-2011 03:00,2520
05-01-2011 03:15,2529
05-01-2011 03:30,2541
05-01-2011 03:45,2497
05-01-2011 04:00,2442
05-01-2011 04:15,2398
05-01-2011 04:30,2317
05-01-2011 04:45,2268
05-01-2011 05:00,2198
05-01-2011 05:15,2209
05-01-2011 05:30,2359
05-01-2011 05:45,2350
05-01-2011 06:00,2337
05-01-2011 06:15,2303
05-01-2011 06:30,2235
05-01-2011 06:45,2107
05-01-2011 07:00,2017
05-01-2011 07:15,1858
05-01-2011 07:30,1788
05-01-2011 07:45,1720
05-01-2011 08:00,1688
05-01-2011 08:15,1712
05-01-2011 08:30,1738
05-01-2011 08:45,1798
05-01-2011 09:00,1817
05-01-2011 09:15,1825
05-01-2011 09:30,1913
05-01-2011 09:45,1981
05-01-2011 10:00,2076
05-01-2011 10:15,2102
05-01-2011 10:30,2189
05-01-2011 10:45,2245
05-01-2011 11:00,2319
05-01-2011 11:15,2508
05-01-2011 11:30,2525
05-01-2011 11:45,2645
05-01-2011 12:00,2515
05-01-2011 12:15,2584
05-01-2011 12:30,2585
05-01-2011 12:45,2677
05-01-2011 13:00,2631
05-01-2011 13:15,2530
05-01-2011 13:30,2610
05-01-2011 13:45,2525
05-01-2011 14:00,2508
05-01-2011 14:15,2502
05-01-2011 14:30,2449
05-01-2011 14:45,2320
05-01-2011 15:00,2357
05-01-2011 15:15,2205
05-01-2011 15:30,2122
05-01-2011 15:45,2072
05-01-2011 16:00,2020
05-01-2011 16:15,1983
05-01-2011 16:30,1928
05-01-2011 16:45,1918
05-01-2011 17:00,1878
05-01-2011 17:15,1885
05-01-2011 17:30,1877
05-01-2011 17:45,1929
05-01-2011 18:00,1877
05-01-2011 18:15,1794
05-01-2011 18:30,1840
05-01-2011 18:45,1879
05-01-2011 19:00,1819
05-01-2011 19:15,1890
05-01-2011 19:30,1908
05-01-2011 19:45,1867
05-01-2011 20:00,1867
05-01-2011 20:15,1782
05-01-2011 20:30,1810
05-01-2011 20:45,1793
05-01-2011 21:00,1885
05-01-2011 21:15,2014
05-01-2011 21:30,2117
05-01-2011 21:45,2171
05-01-2011 22:00,2282
05-01-2011 22:15,2350
05-01-2011 22:30,2452
05-01-2011 22:45,2502
05-01-2011 23:00,2475
05-01-2011 23:15,2442
05-01-2011 23:30,2402
05-01-2011 23:45,2320
06-01-2011 00:00,1457
06-01-2011 00:15,2595
06-01-2011 00:30,2655
06-01-2011 00:45,2886
06-01-2011 01:00,2999
06-01-2011 01:15,2933
06-01-2011 01:30,2891
06-01-2011 01:45,3056
06-01-2011 02:00,3146
06-01-2011 02:15,3185
06-01-2011 02:30,3269
06-01-2011 02:45,3302
06-01-2011 03:00,3465
06-01-2011 03:15,3475
06-01-2011 03:30,3561
06-01-2011 03:45,3615
06-01-2011 04:00,3656
06-01-2011 04:15,3730
06-01-2011 04:30,3738
06-01-2011 04:45,3628
06-01-2011 05:00,3543
06-01-2011 05:15,3475
06-01-2011 05:30,3412
06-01-2011 05:45,3375
06-01-2011 06:00,3516
06-01-2011 06:15,3455
06-01-2011 06:30,3399
06-01-2011 06:45,3375
06-01-2011 07:00,3439
06-01-2011 07:15,3540
06-01-2011 07:30,3532
06-01-2011 07:45,3346
06-01-2011 08:00,3041
06-01-2011 08:15,2803
06-01-2011 08:30,2662
06-01-2011 08:45,2562
06-01-2011 09:00,2529
06-01-2011 09:15,2422
06-01-2011 09:30,2299
06-01-2011 09:45,2206
06-01-2011 10:00,2069
06-01-2011 10:15,1975
06-01-2011 10:30,1944
06-01-2011 10:45,1950
06-01-2011 11:00,1976
06-01-2011 11:15,1944
06-01-2011 11:30,1902
06-01-2011 11:45,1954
06-01-2011 12:00,1919
06-01-2011 12:15,1922
06-01-2011 12:30,1816
06-01-2011 12:45,1885
06-01-2011 13:00,1863
06-01-2011 13:15,1892
06-01-2011 13:30,1876
06-01-2011 13:45,1889
06-01-2011 14:00,1854
06-01-2011 14:15,1890
06-01-2011 14:30,1916
06-01-2011 14:45,1803
06-01-2011 15:00,1811
06-01-2011 15:15,1825
06-01-2011 15:30,1964
06-01-2011 15:45,1993
06-01-2011 16:00,1945
06-01-2011 16:15,2035
06-01-2011 16:30,2026
06-01-2011 16:45,2059
06-01-2011 17:00,1965
06-01-2011 17:15,2017
06-01-2011 17:30,2064
06-01-2011 17:45,2109
06-01-2011 18:00,2078
06-01-2011 18:15,1925
06-01-2011 18:30,1860
06-01-2011 18:45,1787
06-01-2011 19:00,1788
06-01-2011 19:15,1725
06-01-2011 19:30,1619
06-01-2011 19:45,1545
06-01-2011 20:00,1479
06-01-2011 20:15,1354
06-01-2011 20:30,1369
06-01-2011 20:45,1350
06-01-2011 21:00,1265
06-01-2011 21:15,1373
06-01-2011 21:30,1422
06-01-2011 21:45,1420
06-01-2011 22:00,1452
06-01-2011 22:15,1450
06-01-2011 22:30,1457
06-01-2011 22:45,1510
06-01-2011 23:00,1561
06-01-2011 23:15,1620
06-01-2011 23:30,1583
06-01-2011 23:45,1521
07-01-2011 00:00,2497
07-01-2011 00:15,2226
07-01-2011 00:30,2350
07-01-2011 00:45,2327
07-01-2011 01:00,2298
07-01-2011 01:15,2248
07-01-2011 01:30,2272
07-01-2011 01:45,2266
07-01-2011 02:00,2292
07-01-2011 02:15,2213
07-01-2011 02:30,2250
07-01-2011 02:45,2146
07-01-2011 03:00,1991
07-01-2011 03:15,1956
07-01-2011 03:30,1900
07-01-2011 03:45,1774
07-01-2011 04:00,1670
07-01-2011 04:15,1682
07-01-2011 04:30,1719
07-01-2011 04:45,1649
07-01-2011 05:00,1549
07-01-2011 05:15,1504
07-01-2011 05:30,1547
07-01-2011 05:45,1522
07-01-2011 06:00,1500
07-01-2011 06:15,1453
07-01-2011 06:30,1448
07-01-2011 06:45,1384
07-01-2011 07:00,1321
07-01-2011 07:15,1298
07-01-2011 07:30,1188
07-01-2011 07:45,1105
07-01-2011 08:00,1055
07-01-2011 08:15,1061
07-01-2011 08:30,1154
07-01-2011 08:45,1308
07-01-2011 09:00,1571
07-01-2011 09:15,1773
07-01-2011 09:30,1863
07-01-2011 09:45,2048
07-01-2011 10:00,2211
07-01-2011 10:15,2252
07-01-2011 10:30,2195
07-01-2011 10:45,2200
07-01-2011 11:00,2145
07-01-2011 11:15,2227
07-01-2011 11:30,1948
07-01-2011 11:45,1984
07-01-2011 12:00,1952
07-01-2011 12:15,2086
07-01-2011 12:30,2021
07-01-2011 12:45,1937
07-01-2011 13:00,1830
07-01-2011 13:15,1789
07-01-2011 13:30,2050
07-01-2011 13:45,2279
07-01-2011 14:00,2492
07-01-2011 14:15,2435
07-01-2011 14:30,2332
07-01-2011 14:45,2438
07-01-2011 15:00,2706
07-01-2011 15:15,2747
07-01-2011 15:30,2707
07-01-2011 15:45,2750
07-01-2011 16:00,2729
07-01-2011 16:15,2704
07-01-2011 16:30,2735
07-01-2011 16:45,3044
07-01-2011 17:00,3155
07-01-2011 17:15,3364
07-01-2011 17:30,3239
07-01-2011 17:45,3051
07-01-2011 18:00,2885
07-01-2011 18:15,2639
07-01-2011 18:30,2599
07-01-2011 18:45,2324
07-01-2011 19:00,2348
07-01-2011 19:15,2401
07-01-2011 19:30,2198
07-01-2011 19:45,2337
07-01-2011 20:00,2459
07-01-2011 20:15,2295
07-01-2011 20:30,2172
07-01-2011 20:45,2199
07-01-2011 21:00,2257
07-01-2011 21:15,2063
07-01-2011 21:30,1865
07-01-2011 21:45,1817
07-01-2011 22:00,1826
07-01-2011 22:15,2088
07-01-2011 22:30,2195
07-01-2011 22:45,2240
07-01-2011 23:00,2254
07-01-2011 23:15,2296
07-01-2011 23:30,2314
07-01-2011 23:45,2361
08-01-2011 00:00,265
08-01-2011 00:15,402
08-01-2011 00:30,398
08-01-2011 00:45,399
08-01-2011 01:00,400
08-01-2011 01:15,388
08-01-2011 01:30,333
08-01-2011 01:45,312
08-01-2011 02:00,302
08-01-2011 02:15,285
08-01-2011 02:30,265
08-01-2011 02:45,265
08-01-2011 03:00,246
08-01-2011 03:15,275
08-01-2011 03:30,262
08-01-2011 03:45,244
08-01-2011 04:00,233
08-01-2011 04:15,231
08-01-2011 04:30,220
08-01-2011 04:45,207
08-01-2011 05:00,211
08-01-2011 05:15,194
08-01-2011 05:30,200
08-01-2011 05:45,178
08-01-2011 06:00,171
08-01-2011 06:15,173
08-01-2011 06:30,172
08-01-2011 06:45,143
08-01-2011 07:00,133
08-01-2011 07:15,122
08-01-2011 07:30,114
08-01-2011 07:45,120
08-01-2011 08:00,105
08-01-2011 08:15,87
08-01-2011 08:30,80
08-01-2011 08:45,67
08-01-2011 09:00,80
08-01-2011 09:15,71
08-01-2011 09:30,78
08-01-2011 09:45,85
08-01-2011 10:00,73
08-01-2011 10:15,73
08-01-2011 10:30,71
08-01-2011 10:45,69
08-01-2011 11:00,67
08-01-2011 11:15,63
08-01-2011 11:30,71
08-01-2011 11:45,70
08-01-2011 12:00,59
08-01-2011 12:15,65
08-01-2011 12:30,56
08-01-2011 12:45,61
08-01-2011 13:00,68
08-01-2011 13:15,70
08-01-2011 13:30,71
08-01-2011 13:45,78
08-01-2011 14:00,79
08-01-2011 14:15,62
08-01-2011 14:30,71
08-01-2011 14:45,72
08-01-2011 15:00,66
08-01-2011 15:15,66
08-01-2011 15:30,78
08-01-2011 15:45,83
08-01-2011 16:00,97
08-01-2011 16:15,81
08-01-2011 16:30,106
08-01-2011 16:45,134
08-01-2011 17:00,129
08-01-2011 17:15,141
08-01-2011 17:30,124
08-01-2011 17:45,140
08-01-2011 18:00,153
08-01-2011 18:15,148
08-01-2011 18:30,148
08-01-2011 18:45,153
08-01-2011 19:00,160
08-01-2011 19:15,229
08-01-2011 19:30,309
08-01-2011 19:45,220
08-01-2011 20:00,144
08-01-2011 20:15,199
08-01-2011 20:30,226
08-01-2011 20:45,225
08-01-2011 21:00,238
08-01-2011 21:15,253
08-01-2011 21:30,246
08-01-2011 21:45,243
08-01-2011 22:00,261
08-01-2011 22:15,270
08-01-2011 22:30,283
08-01-2011 22:45,273
08-01-2011 23:00,273
08-01-2011 23:15,276
08-01-2011 23:30,249
08-01-2011 23:45,248
09-01-2011 00:00,82
09-01-2011 00:15,479
09-01-2011 00:30,512
09-01-2011 00:45,512
09-01-2011 01:00,519
09-01-2011 01:15,509
09-01-2011 01:30,490
09-01-2011 01:45,453
09-01-2011 02:00,485
09-01-2011 02:15,500
09-01-2011 02:30,462
09-01-2011 02:45,432
09-01-2011 03:00,435
09-01-2011 03:15,414
09-01-2011 03:30,394
09-01-2011 03:45,419
09-01-2011 04:00,398
09-01-2011 04:15,380
09-01-2011 04:30,385
09-01-2011 04:45,345
09-01-2011 05:00,329
09-01-2011 05:15,343
09-01-2011 05:30,352
09-01-2011 05:45,383
09-01-2011 06:00,368
09-01-2011 06:15,358
09-01-2011 06:30,348
09-01-2011 06:45,327
09-01-2011 07:00,288
09-01-2011 07:15,252
09-01-2011 07:30,270
09-01-2011 07:45,248
09-01-2011 08:00,234
09-01-2011 08:15,200
09-01-2011 08:30,166
09-01-2011 08:45,153
09-01-2011 09:00,131
09-01-2011 09:15,127
09-01-2011 09:30,127
09-01-2011 09:45,114
09-01-2011 10:00,107
09-01-2011 10:15,114
09-01-2011 10:30,124
09-01-2011 10:45,139
09-01-2011 11:00,148
09-01-2011 11:15,177
09-01-2011 11:30,182
09-01-2011 11:45,186
09-01-2011 12:00,186
09-01-2011 12:15,185
09-01-2011 12:30,191
09-01-2011 12:45,201
09-01-2011 13:00,190
09-01-2011 13:15,191
09-01-2011 13:30,208
09-01-2011 13:45,224
09-01-2011 14:00,216
09-01-2011 14:15,224
09-01-2011 14:30,216
09-01-2011 14:45,213
09-01-2011 15:00,224
09-01-2011 15:15,221
09-01-2011 15:30,231
09-01-2011 15:45,206
09-01-2011 16:00,208
09-01-2011 16:15,166
09-01-2011 16:30,176
09-01-2011 16:45,182
09-01-2011 17:00,196
09-01-2011 17:15,188
09-01-2011 17:30,173
09-01-2011 17:45,189
09-01-2011 18:00,189
09-01-2011 18:15,168
09-01-2011 18:30,157
09-01-2011 18:45,135
09-01-2011 19:00,144
09-01-2011 19:15,135
09-01-2011 19:30,117
09-01-2011 19:45,110
09-01-2011 20:00,123
09-01-2011 20:15,138
09-01-2011 20:30,149
09-01-2011 20:45,152
09-01-2011 21:00,148
09-01-2011 21:15,147
09-01-2011 21:30,150
09-01-2011 21:45,147
09-01-2011 22:00,141
09-01-2011 22:15,132
09-01-2011 22:30,128
09-01-2011 22:45,119
09-01-2011 23:00,112
09-01-2011 23:15,99
09-01-2011 23:30,90
09-01-2011 23:45,78
10-01-2011 00:00,168
10-01-2011 00:15,462
10-01-2011 00:30,474
10-01-2011 00:45,481
10-01-2011 01:00,521
10-01-2011 01:15,526
10-01-2011 01:30,516
10-01-2011 01:45,507
10-01-2011 02:00,514
10-01-2011 02:15,476
10-01-2011 02:30,453
10-01-2011 02:45,425
10-01-2011 03:00,386
10-01-2011 03:15,373
10-01-2011 03:30,349
10-01-2011 03:45,310
10-01-2011 04:00,293
10-01-2011 04:15,251
10-01-2011 04:30,231
10-01-2011 04:45,217
10-01-2011 05:00,198
10-01-2011 05:15,191
10-01-2011 05:30,184
10-01-2011 05:45,157
10-01-2011 06:00,148
10-01-2011 06:15,138
10-01-2011 06:30,105
10-01-2011 06:45,83
10-01-2011 07:00,79
10-01-2011 07:15,71
10-01-2011 07:30,65
10-01-2011 07:45,75
10-01-2011 08:00,78
10-01-2011 08:15,82
10-01-2011 08:30,63
10-01-2011 08:45,60
10-01-2011 09:00,57
10-01-2011 09:15,44
10-01-2011 09:30,43
10-01-2011 09:45,41
10-01-2011 10:00,42
10-01-2011 10:15,38
10-01-2011 10:30,34
10-01-2011 10:45,30
10-01-2011 11:00,30
10-01-2011 11:15,30
10-01-2011 11:30,30
10-01-2011 11:45,30
10-01-2011 12:00,33
10-01-2011 12:15,46
10-01-2011 12:30,57
10-01-2011 12:45,60
10-01-2011 13:00,69
10-01-2011 13:15,66
10-01-2011 13:30,60
10-01-2011 13:45,70
10-01-2011 14:00,71
10-01-2011 14:15,76
10-01-2011 14:30,69
10-01-2011 14:45,68
10-01-2011 15:00,64
10-01-2011 15:15,66
10-01-2011 15:30,68
10-01-2011 15:45,71
10-01-2011 16:00,65
10-01-2011 16:15,63
10-01-2011 16:30,66
10-01-2011 16:45,67
10-01-2011 17:00,75
10-01-2011 17:15,75
10-01-2011 17:30,78
10-01-2011 17:45,74
10-01-2011 18:00,69
10-01-2011 18:15,83
10-01-2011 18:30,99
10-01-2011 18:45,123
10-01-2011 19:00,155
10-01-2011 19:15,184
10-01-2011 19:30,197
10-01-2011 19:45,203
10-01-2011 20:00,212
10-01-2011 20:15,211
10-01-2011 20:30,216
10-01-2011 20:45,184
10-01-2011 21:00,163
10-01-2011 21:15,164
10-01-2011 21:30,158
10-01-2011 21:45,141
10-01-2011 22:00,154
10-01-2011 22:15,149
10-01-2011 22:30,156
10-01-2011 22:45,153
10-01-2011 23:00,146
10-01-2011 23:15,145
10-01-2011 23:30,155
10-01-2011 23:45,162
11-01-2011 00:00,1229
11-01-2011 00:15,792
11-01-2011 00:30,872
11-01-2011 00:45,936
11-01-2011 01:00,933
11-01-2011 01:15,950
11-01-2011 01:30,966
11-01-2011 01:45,969
11-01-2011 02:00,973
11-01-2011 02:15,995
11-01-2011 02:30,957
11-01-2011 02:45,973
11-01-2011 03:00,981
11-01-2011 03:15,980
11-01-2011 03:30,1000
11-01-2011 03:45,1032
11-01-2011 04:00,1088
11-01-2011 04:15,1110
11-01-2011 04:30,1101
11-01-2011 04:45,1092
11-01-2011 05:00,1103
11-01-2011 05:15,1098
11-01-2011 05:30,1106
11-01-2011 05:45,1167
11-01-2011 06:00,1190
11-01-2011 06:15,1240
11-01-2011 06:30,1249
11-01-2011 06:45,1250
11-01-2011 07:00,1228
11-01-2011 07:15,1221
11-01-2011 07:30,1286
11-01-2011 07:45,1315
11-01-2011 08:00,1275
11-01-2011 08:15,1223
11-01-2011 08:30,1216
11-01-2011 08:45,1181
11-01-2011 09:00,1147
11-01-2011 09:15,1117
11-01-2011 09:30,1066
11-01-2011 09:45,1010
11-01-2011 10:00,964
11-01-2011 10:15,892
11-01-2011 10:30,833
11-01-2011 10:45,900
11-01-2011 11:00,946
11-01-2011 11:15,928
11-01-2011 11:30,910
11-01-2011 11:45,882
11-01-2011 12:00,830
11-01-2011 12:15,792
11-01-2011 12:30,792
11-01-2011 12:45,782
11-01-2011 13:00,776
11-01-2011 13:15,756
11-01-2011 13:30,739
11-01-2011 13:45,731
11-01-2011 14:00,749
11-01-2011 14:15,772
11-01-2011 14:30,709
11-01-2011 14:45,747
11-01-2011 15:00,799
11-01-2011 15:15,818
11-01-2011 15:30,793
11-01-2011 15:45,758
11-01-2011 16:00,757
11-01-2011 16:15,796
11-01-2011 16:30,892
11-01-2011 16:45,983
11-01-2011 17:00,1074
11-01-2011 17:15,1183
11-01-2011 17:30,1207
11-01-2011 17:45,1260
11-01-2011 18:00,1397
11-01-2011 18:15,1478
11-01-2011 18:30,1496
11-01-2011 18:45,1621
11-01-2011 19:00,1626
11-01-2011 19:15,1603
11-01-2011 19:30,1575
11-01-2011 19:45,1552
11-01-2011 20:00,1495
11-01-2011 20:15,1440
11-01-2011 20:30,1471
11-01-2011 20:45,1506
11-01-2011 21:00,1451
11-01-2011 21:15,1411
11-01-2011 21:30,1409
11-01-2011 21:45,1380
11-01-2011 22:00,1350
11-01-2011 22:15,1271
11-01-2011 22:30,1238
11-01-2011 22:45,1185
11-01-2011 23:00,1160
11-01-2011 23:15,1204
11-01-2011 23:30,1224
11-01-2011 23:45,1190
12-01-2011 00:00,3845
12-01-2011 00:15,1454
12-01-2011 00:30,1501
12-01-2011 00:45,1486
12-01-2011 01:00,1481
12-01-2011 01:15,1518
12-01-2011 01:30,1571
12-01-2011 01:45,1605
12-01-2011 02:00,1627
12-01-2011 02:15,1647
12-01-2011 02:30,1804
12-01-2011 02:45,1869
12-01-2011 03:00,1983
12-01-2011 03:15,2059
12-01-2011 03:30,2173
12-01-2011 03:45,2314
12-01-2011 04:00,2443
12-01-2011 04:15,2517
12-01-2011 04:30,2605
12-01-2011 04:45,2748
12-01-2011 05:00,2892
12-01-2011 05:15,3020
12-01-2011 05:30,3266
12-01-2011 05:45,3223
12-01-2011 06:00,3052
12-01-2011 06:15,3207
12-01-2011 06:30,3364
12-01-2011 06:45,3492
12-01-2011 07:00,3658
12-01-2011 07:15,4086
12-01-2011 07:30,4379
12-01-2011 07:45,4429
12-01-2011 08:00,4559
12-01-2011 08:15,4692
12-01-2011 08:30,4892
12-01-2011 08:45,5032
12-01-2011 09:00,5101
12-01-2011 09:15,5251
12-01-2011 09:30,5144
12-01-2011 09:45,5002
12-01-2011 10:00,4772
12-01-2011 10:15,4778
12-01-2011 10:30,4800
12-01-2011 10:45,4839
12-01-2011 11:00,4879
12-01-2011 11:15,4933
12-01-2011 11:30,4849
12-01-2011 11:45,4945
12-01-2011 12:00,5036
12-01-2011 12:15,4985
12-01-2011 12:30,4963
12-01-2011 12:45,4853
12-01-2011 13:00,4719
12-01-2011 13:15,4652
12-01-2011 13:30,4690
12-01-2011 13:45,4925
12-01-2011 14:00,4763
12-01-2011 14:15,4600
12-01-2011 14:30,4391
12-01-2011 14:45,4295
12-01-2011 15:00,4295
12-01-2011 15:15,4247
12-01-2011 15:30,4040
12-01-2011 15:45,3996
12-01-2011 16:00,4054
12-01-2011 16:15,4109
12-01-2011 16:30,4105
12-01-2011 16:45,3924
12-01-2011 17:00,3910
12-01-2011 17:15,3826
12-01-2011 17:30,3944
12-01-2011 17:45,3946
12-01-2011 18:00,3694
12-01-2011 18:15,3518
12-01-2011 18:30,3502
12-01-2011 18:45,3419
12-01-2011 19:00,3405
12-01-2011 19:15,3448
12-01-2011 19:30,3522
12-01-2011 19:45,3734
12-01-2011 20:00,3847
12-01-2011 20:15,3830
12-01-2011 20:30,3714
12-01-2011 20:45,3816
12-01-2011 21:00,3863
12-01-2011 21:15,3998
12-01-2011 21:30,4042
12-01-2011 21:45,3969
12-01-2011 22:00,3982
12-01-2011 22:15,4031
12-01-2011 22:30,4124
12-01-2011 22:45,4048
12-01-2011 23:00,4090
12-01-2011 23:15,3831
12-01-2011 23:30,3782
12-01-2011 23:45,3822
13-01-2011 00:00,3957
13-01-2011 00:15,2400
13-01-2011 00:30,2468
13-01-2011 00:45,2479
13-01-2011 01:00,2456
13-01-2011 01:15,2452
13-01-2011 01:30,2461
13-01-2011 01:45,2444
13-01-2011 02:00,2359
13-01-2011 02:15,2253
13-01-2011 02:30,2206
13-01-2011 02:45,2249
13-01-2011 03:00,2246
13-01-2011 03:15,2186
13-01-2011 03:30,2080
13-01-2011 03:45,2104
13-01-2011 04:00,2209
13-01-2011 04:15,2232
13-01-2011 04:30,2216
13-01-2011 04:45,2225
13-01-2011 05:00,2138
13-01-2011 05:15,2013
13-01-2011 05:30,1944
13-01-2011 05:45,1854
13-01-2011 06:00,1814
13-01-2011 06:15,1735
13-01-2011 06:30,1664
13-01-2011 06:45,1597
13-01-2011 07:00,1472
13-01-2011 07:15,1334
13-01-2011 07:30,1329
13-01-2011 07:45,1318
13-01-2011 08:00,1310
13-01-2011 08:15,1218
13-01-2011 08:30,1075
13-01-2011 08:45,925
13-01-2011 09:00,926
13-01-2011 09:15,895
13-01-2011 09:30,900
13-01-2011 09:45,853
13-01-2011 10:00,747
13-01-2011 10:15,641
13-01-2011 10:30,547
13-01-2011 10:45,475
13-01-2011 11:00,446
13-01-2011 11:15,405
13-01-2011 11:30,382
13-01-2011 11:45,352
13-01-2011 12:00,352
13-01-2011 12:15,342
13-01-2011 12:30,318
13-01-2011 12:45,295
13-01-2011 13:00,277
13-01-2011 13:15,268
13-01-2011 13:30,270
13-01-2011 13:45,293
13-01-2011 14:00,264
13-01-2011 14:15,262
13-01-2011 14:30,269
13-01-2011 14:45,293
13-01-2011 15:00,306
13-01-2011 15:15,298
13-01-2011 15:30,317
13-01-2011 15:45,356
13-01-2011 16:00,401
13-01-2011 16:15,452
13-01-2011 16:30,538
13-01-2011 16:45,682
13-01-2011 17:00,782
13-01-2011 17:15,874
13-01-2011 17:30,1001
13-01-2011 17:45,1145
13-01-2011 18:00,1367
13-01-2011 18:15,1582
13-01-2011 18:30,1769
13-01-2011 18:45,1990
13-01-2011 19:00,2192
13-01-2011 19:15,2296
13-01-2011 19:30,2502
13-01-2011 19:45,2814
13-01-2011 20:00,2979
13-01-2011 20:15,3056
13-01-2011 20:30,3170
13-01-2011 20:45,3294
13-01-2011 21:00,3403
13-01-2011 21:15,3588
13-01-2011 21:30,3700
13-01-2011 21:45,3838
13-01-2011 22:00,4033
13-01-2011 22:15,4130
13-01-2011 22:30,4223
13-01-2011 22:45,4100
13-01-2011 23:00,4100
13-01-2011 23:15,4234
13-01-2011 23:30,4290
13-01-2011 23:45,4073
14-01-2011 00:00,4692
14-01-2011 00:15,3984
14-01-2011 00:30,3841
14-01-2011 00:45,3829
14-01-2011 01:00,3817
14-01-2011 01:15,3936
14-01-2011 01:30,4117
14-01-2011 01:45,3869
14-01-2011 02:00,3834
14-01-2011 02:15,3723
14-01-2011 02:30,3771
14-01-2011 02:45,3844
14-01-2011 03:00,3607
14-01-2011 03:15,3582
14-01-2011 03:30,3523
14-01-2011 03:45,3479
14-01-2011 04:00,3381
14-01-2011 04:15,3150
14-01-2011 04:30,3098
14-01-2011 04:45,3105
14-01-2011 05:00,3229
14-01-2011 05:15,3232
14-01-2011 05:30,3049
14-01-2011 05:45,2882
14-01-2011 06:00,2896
14-01-2011 06:15,2924
14-01-2011 06:30,2733
14-01-2011 06:45,2785
14-01-2011 07:00,2870
14-01-2011 07:15,2988
14-01-2011 07:30,2965
14-01-2011 07:45,2870
14-01-2011 08:00,2688
14-01-2011 08:15,2733
14-01-2011 08:30,2754
14-01-2011 08:45,2822
14-01-2011 09:00,2749
14-01-2011 09:15,2609
14-01-2011 09:30,2534
14-01-2011 09:45,2653
14-01-2011 10:00,2762
14-01-2011 10:15,2867
14-01-2011 10:30,3015
14-01-2011 10:45,3152
14-01-2011 11:00,3168
14-01-2011 11:15,3176
14-01-2011 11:30,3131
14-01-2011 11:45,3246
14-01-2011 12:00,3276
14-01-2011 12:15,3433
14-01-2011 12:30,3570
14-01-2011 12:45,3747
14-01-2011 13:00,4069
14-01-2011 13:15,4202
14-01-2011 13:30,4189
14-01-2011 13:45,4322
14-01-2011 14:00,4289
14-01-2011 14:15,4288
14-01-2011 14:30,4143
14-01-2011 14:45,4066
14-01-2011 15:00,4101
14-01-2011 15:15,4080
14-01-2011 15:30,4177
14-01-2011 15:45,4226
14-01-2011 16:00,4236
14-01-2011 16:15,4134
14-01-2011 16:30,4082
14-01-2011 16:45,4061
14-01-2011 17:00,3997
14-01-2011 17:15,4073
14-01-2011 17:30,4177
14-01-2011 17:45,4298
14-01-2011 18:00,4415
14-01-2011 18:15,4434
14-01-2011 18:30,4340
14-01-2011 18:45,4132
14-01-2011 19:00,4127
14-01-2011 19:15,4248
14-01-2011 19:30,4475
14-01-2011 19:45,4442
14-01-2011 20:00,4569
14-01-2011 20:15,4613
14-01-2011 20:30,4463
14-01-2011 20:45,4336
14-01-2011 21:00,4273
14-01-2011 21:15,4259
14-01-2011 21:30,4374
14-01-2011 21:45,4601
14-01-2011 22:00,4579
14-01-2011 22:15,4548
14-01-2011 22:30,4588
14-01-2011 22:45,4600
14-01-2011 23:00,4618
14-01-2011 23:15,4707
14-01-2011 23:30,4840
14-01-2011 23:45,4738
15-01-2011 00:00,3597
15-01-2011 00:15,4790
15-01-2011 00:30,5007
15-01-2011 00:45,4954
15-01-2011 01:00,5076
15-01-2011 01:15,5388
15-01-2011 01:30,5446
15-01-2011 01:45,5268
15-01-2011 02:00,5084
15-01-2011 02:15,5324
15-01-2011 02:30,5200
15-01-2011 02:45,5216
15-01-2011 03:00,5338
15-01-2011 03:15,5461
15-01-2011 03:30,5562
15-01-2011 03:45,5452
15-01-2011 04:00,5243
15-01-2011 04:15,5309
15-01-2011 04:30,5282
15-01-2011 04:45,5279
15-01-2011 05:00,5240
15-01-2011 05:15,5227
15-01-2011 05:30,5138
15-01-2011 05:45,5073
15-01-2011 06:00,5259
15-01-2011 06:15,5268
15-01-2011 06:30,5363
15-01-2011 06:45,5308
15-01-2011 07:00,5285
15-01-2011 07:15,5188
15-01-2011 07:30,5188
15-01-2011 07:45,5017
15-01-2011 08:00,5111
15-01-2011 08:15,4899
15-01-2011 08:30,4647
15-01-2011 08:45,4420
15-01-2011 09:00,4408
15-01-2011 09:15,4734
15-01-2011 09:30,4753
15-01-2011 09:45,4869
15-01-2011 10:00,4833
15-01-2011 10:15,4897
15-01-2011 10:30,4846
15-01-2011 10:45,5001
15-01-2011 11:00,4769
15-01-2011 11:15,4691
15-01-2011 11:30,4791
15-01-2011 11:45,5083
15-01-2011 12:00,5077
15-01-2011 12:15,5186
15-01-2011 12:30,5205
15-01-2011 12:45,4937
15-01-2011 13:00,4787
15-01-2011 13:15,4672
15-01-2011 13:30,4487
15-01-2011 13:45,4239
15-01-2011 14:00,4020
15-01-2011 14:15,3873
15-01-2011 14:30,3783
15-01-2011 14:45,3801
15-01-2011 15:00,3562
15-01-2011 15:15,3253
15-01-2011 15:30,2579
15-01-2011 15:45,2175
15-01-2011 16:00,1917
15-01-2011 16:15,1826
15-01-2011 16:30,1711
15-01-2011 16:45,1568
15-01-2011 17:00,1534
15-01-2011 17:15,1612
15-01-2011 17:30,1711
15-01-2011 17:45,1657
15-01-2011 18:00,1803
15-01-2011 18:15,1920
15-01-2011 18:30,2138
15-01-2011 18:45,2218
15-01-2011 19:00,2439
15-01-2011 19:15,2597
15-01-2011 19:30,2883
15-01-2011 19:45,3026
15-01-2011 20:00,3298
15-01-2011 20:15,3459
15-01-2011 20:30,3437
15-01-2011 20:45,3332
15-01-2011 21:00,3447
15-01-2011 21:15,3686
15-01-2011 21:30,3721
15-01-2011 21:45,3635
15-01-2011 22:00,3543
15-01-2011 22:15,3480
15-01-2011 22:30,3518
15-01-2011 22:45,3636
15-01-2011 23:00,3490
15-01-2011 23:15,3488
15-01-2011 23:30,3521
15-01-2011 23:45,3660
